2018-05-16T16:00:00Z,18682
2018-05-16T17:00:00Z,18949
2018-05-16T18:00:00Z,7714
2018-05-16T19:00:00Z,3664
2018-05-16T20:00:00Z,21192
2018-05-16T21:00:00Z,13926
2018-05-16T22:00:00Z,5016
2018-05-16T23:00:00Z,7821
2018-05-17T00:00:00Z,4471
2018-05-17T01:00:00Z,60
2018-05-17T02:00:00Z,6890
2018-05-17T03:00:00Z,16864
2018-05-17T04:00:00Z,16114
2018-05-17T05:00:00Z,9719
2018-05-17T06:00:00Z,20450
2018-05-17T07:00:00Z,175715
2018-05-17T08:00:00Z,292567
2018-05-17T09:00:00Z,1121
2018-05-17T10:00:00Z,182038
2018-05-17T11:00:00Z,441
2018-05-17T12:00:00Z,10109
2018-05-17T13:00:00Z,18733
2018-05-17T14:00:00Z,15434
2018-05-17T15:00:00Z,148565
2018-05-17T16:00:00Z,314589
2018-05-17T17:00:00Z,258598
2018-05-17T18:00:00Z,241979
2018-05-17T19:00:00Z,228715
2018-05-17T20:00:00Z,230453
2018-05-17T21:00:00Z,225792
2018-05-17T22:00:00Z,76025
2018-05-17T23:00:00Z,180489
2018-05-18T00:00:00Z,2623
2018-05-18T01:00:00Z,625
2018-05-18T02:00:00Z,3032
2018-05-18T03:00:00Z,11397
2018-05-18T04:00:00Z,24851
2018-05-18T05:00:00Z,4916
2018-05-18T06:00:00Z,7513
2018-05-18T07:00:00Z,14625
2018-05-18T08:00:00Z,1538
2018-05-18T09:00:00Z,10704
2018-05-18T10:00:00Z,6121
2018-05-18T11:00:00Z,1588
2018-05-18T12:00:00Z,7180
2018-05-18T13:00:00Z,17156
2018-05-18T14:00:00Z,10001
2018-05-18T15:00:00Z,7175
2018-05-18T16:00:00Z,6641
2018-05-18T17:00:00Z,7997
2018-05-18T18:00:00Z,12656
2018-05-18T19:00:00Z,5483
2018-05-18T20:00:00Z,28244
2018-05-18T21:00:00Z,31027
2018-05-18T22:00:00Z,37221
2018-05-18T23:00:00Z,22447
2018-05-19T00:00:00Z,2219
2018-05-19T01:00:00Z,1559
2018-05-19T02:00:00Z,2330
2018-05-19T03:00:00Z,3789
2018-05-19T04:00:00Z,117
2018-05-19T05:00:00Z,1995
2018-05-19T06:00:00Z,1693
2018-05-19T07:00:00Z,14520
2018-05-19T08:00:00Z,1815
2018-05-19T09:00:00Z,7852
2018-05-19T10:00:00Z,6870
2018-05-19T11:00:00Z,13584
2018-05-19T12:00:00Z,27509
2018-05-19T13:00:00Z,14696
2018-05-19T14:00:00Z,17370
2018-05-19T15:00:00Z,7408
2018-05-19T16:00:00Z,9415
2018-05-19T17:00:00Z,9922
2018-05-19T18:00:00Z,5765
2018-05-19T19:00:00Z,14925
2018-05-19T20:00:00Z,23415
2018-05-19T21:00:00Z,36762
2018-05-19T22:00:00Z,46066
2018-05-19T23:00:00Z,30987
2018-05-20T00:00:00Z,21793
2018-05-20T01:00:00Z,8203
2018-05-20T02:00:00Z,1495
2018-05-20T03:00:00Z,6437
2018-05-20T04:00:00Z,9390
2018-05-20T05:00:00Z,11489
2018-05-20T06:00:00Z,382
2018-05-20T07:00:00Z,5459
2018-05-20T08:00:00Z,7412
2018-05-20T09:00:00Z,4599
2018-05-20T10:00:00Z,1631
2018-05-20T11:00:00Z,3220
2018-05-20T12:00:00Z,18450
2018-05-20T13:00:00Z,18890
2018-05-20T14:00:00Z,8745
2018-05-20T15:00:00Z,7108
2018-05-20T16:00:00Z,20690
2018-05-20T17:00:00Z,6219
2018-05-20T18:00:00Z,7647
2018-05-20T19:00:00Z,19674
2018-05-20T20:00:00Z,23932
2018-05-20T21:00:00Z,16851
2018-05-20T22:00:00Z,5797
2018-05-20T23:00:00Z,7880
2018-05-21T00:00:00Z,4415
2018-05-21T01:00:00Z,2062
2018-05-21T02:00:00Z,3270
2018-05-21T03:00:00Z,15533
2018-05-21T04:00:00Z,2798
2018-05-21T05:00:00Z,5368
2018-05-21T06:00:00Z,13310
2018-05-21T07:00:00Z,14489
2018-05-21T08:00:00Z,4888
2018-05-21T09:00:00Z,12665
2018-05-21T10:00:00Z,1714
2018-05-21T11:00:00Z,190153
2018-05-21T12:00:00Z,195259
2018-05-21T13:00:00Z,21122
2018-05-21T14:00:00Z,18019
2018-05-21T15:00:00Z,13036
2018-05-21T16:00:00Z,13285
2018-05-21T17:00:00Z,9861
2018-05-21T18:00:00Z,5255
2018-05-21T19:00:00Z,4671
2018-05-21T20:00:00Z,17122
2018-05-21T21:00:00Z,11105
2018-05-21T22:00:00Z,8648
2018-05-21T23:00:00Z,3557
2018-05-22T00:00:00Z,2952
2018-05-22T01:00:00Z,2197
2018-05-22T02:00:00Z,75703
2018-05-22T03:00:00Z,137338
2018-05-22T04:00:00Z,179624
2018-05-22T05:00:00Z,287407
2018-05-22T06:00:00Z,11062
2018-05-22T07:00:00Z,12825
2018-05-22T08:00:00Z,1824
2018-05-22T09:00:00Z,7391
2018-05-22T10:00:00Z,8880
2018-05-22T11:00:00Z,4230
2018-05-22T12:00:00Z,23602
2018-05-22T13:00:00Z,24665
2018-05-22T14:00:00Z,17920
2018-05-22T15:00:00Z,15125
2018-05-22T16:00:00Z,16352
2018-05-22T17:00:00Z,8187
2018-05-22T18:00:00Z,5414
2018-05-22T19:00:00Z,2696
2018-05-22T20:00:00Z,17481
2018-05-22T21:00:00Z,7634
2018-05-22T22:00:00Z,9114
2018-05-22T23:00:00Z,3382
2018-05-23T00:00:00Z,1374
2018-05-23T01:00:00Z,21687
2018-05-23T02:00:00Z,1484
2018-05-23T03:00:00Z,1104
2018-05-23T04:00:00Z,29318
2018-05-23T05:00:00Z,263
2018-05-23T06:00:00Z,318421
2018-05-23T07:00:00Z,10426
2018-05-23T08:00:00Z,327
2018-05-23T09:00:00Z,15601
2018-05-23T10:00:00Z,5897
2018-05-23T11:00:00Z,248483
2018-05-23T12:00:00Z,259389
2018-05-23T13:00:00Z,131843
2018-05-23T14:00:00Z,276549
2018-05-23T15:00:00Z,18594
2018-05-23T16:00:00Z,18667
2018-05-23T17:00:00Z,2505
2018-05-23T18:00:00Z,5545
2018-05-23T19:00:00Z,6806
2018-05-23T20:00:00Z,13155
2018-05-23T21:00:00Z,9614
2018-05-23T22:00:00Z,2729
2018-05-23T23:00:00Z,4674
2018-05-24T00:00:00Z,767
2018-05-24T01:00:00Z,3174
2018-05-24T02:00:00Z,7853
2018-05-24T03:00:00Z,18572
2018-05-24T04:00:00Z,29032
2018-05-24T05:00:00Z,8268
2018-05-24T06:00:00Z,17511
2018-05-24T07:00:00Z,152628
2018-05-24T08:00:00Z,296017
2018-05-24T09:00:00Z,3318
2018-05-24T10:00:00Z,6763
2018-05-24T11:00:00Z,10526
2018-05-24T12:00:00Z,268995
2018-05-24T13:00:00Z,19678
2018-05-24T14:00:00Z,281207
2018-05-24T15:00:00Z,295341
2018-05-24T16:00:00Z,15965
2018-05-24T17:00:00Z,12172
2018-05-24T18:00:00Z,7972
2018-05-24T19:00:00Z,14428
2018-05-24T20:00:00Z,18106
2018-05-24T21:00:00Z,9308
2018-05-24T22:00:00Z,5551
2018-05-24T23:00:00Z,1122
2018-05-25T00:00:00Z,1417
2018-05-25T01:00:00Z,809
2018-05-25T02:00:00Z,6684
2018-05-25T03:00:00Z,12886
2018-05-25T04:00:00Z,21277
2018-05-25T05:00:00Z,1453
2018-05-25T06:00:00Z,4917
2018-05-25T07:00:00Z,12825
2018-05-25T08:00:00Z,4683
2018-05-25T09:00:00Z,1768
2018-05-25T10:00:00Z,6884
2018-05-25T11:00:00Z,12430
2018-05-25T12:00:00Z,262573
2018-05-25T13:00:00Z,20736
2018-05-25T14:00:00Z,26727
2018-05-25T15:00:00Z,180681
2018-05-25T16:00:00Z,4839
2018-05-25T17:00:00Z,6930
2018-05-25T18:00:00Z,189
2018-05-25T19:00:00Z,3073
2018-05-25T20:00:00Z,21580
2018-05-25T21:00:00Z,21437
2018-05-25T22:00:00Z,26558
2018-05-25T23:00:00Z,8843
2018-05-26T00:00:00Z,8942
2018-05-26T01:00:00Z,3243
2018-05-26T02:00:00Z,5078
2018-05-26T03:00:00Z,5795
2018-05-26T04:00:00Z,10817
2018-05-26T05:00:00Z,3753
2018-05-26T06:00:00Z,15366
2018-05-26T07:00:00Z,13575
2018-05-26T08:00:00Z,2621
2018-05-26T09:00:00Z,16314
2018-05-26T10:00:00Z,12422
2018-05-26T11:00:00Z,6227
2018-05-26T12:00:00Z,17306
2018-05-26T13:00:00Z,13937
2018-05-26T14:00:00Z,17904
2018-05-26T15:00:00Z,14157
2018-05-26T16:00:00Z,1173
2018-05-26T17:00:00Z,7525
2018-05-26T18:00:00Z,2760
2018-05-26T19:00:00Z,18327
2018-05-26T20:00:00Z,24189
2018-05-26T21:00:00Z,33231
2018-05-26T22:00:00Z,24067
2018-05-26T23:00:00Z,18814
2018-05-27T00:00:00Z,16244
2018-05-27T01:00:00Z,18718
2018-05-27T02:00:00Z,10240
2018-05-27T03:00:00Z,12311
2018-05-27T04:00:00Z,10821
2018-05-27T05:00:00Z,14917
2018-05-27T06:00:00Z,6628
2018-05-27T07:00:00Z,15366
2018-05-27T08:00:00Z,3022
2018-05-27T09:00:00Z,8521
2018-05-27T10:00:00Z,2978
2018-05-27T11:00:00Z,4771
2018-05-27T12:00:00Z,14537
2018-05-27T13:00:00Z,13900
2018-05-27T14:00:00Z,6363
2018-05-27T15:00:00Z,3645
2018-05-27T16:00:00Z,3077
2018-05-27T17:00:00Z,3702
2018-05-27T18:00:00Z,4337
2018-05-27T19:00:00Z,9694
2018-05-27T20:00:00Z,14628
2018-05-27T21:00:00Z,18337
2018-05-27T22:00:00Z,12834
2018-05-27T23:00:00Z,8334
2018-05-28T00:00:00Z,17042
2018-05-28T01:00:00Z,9070
2018-05-28T02:00:00Z,5458
2018-05-28T03:00:00Z,6196
2018-05-28T04:00:00Z,1961
2018-05-28T05:00:00Z,3665
2018-05-28T06:00:00Z,5902
2018-05-28T07:00:00Z,787
2018-05-28T08:00:00Z,2124
2018-05-28T09:00:00Z,6982
2018-05-28T10:00:00Z,2696
2018-05-28T11:00:00Z,7152
2018-05-28T12:00:00Z,18781
2018-05-28T13:00:00Z,16769
2018-05-28T14:00:00Z,5578
2018-05-28T15:00:00Z,4201
2018-05-28T16:00:00Z,5235
2018-05-28T17:00:00Z,14036
2018-05-28T18:00:00Z,15243
2018-05-28T19:00:00Z,15061
2018-05-28T20:00:00Z,9017
2018-05-28T21:00:00Z,2729
2018-05-28T22:00:00Z,12257
2018-05-28T23:00:00Z,2827
2018-05-29T00:00:00Z,521
2018-05-29T01:00:00Z,2933
2018-05-29T02:00:00Z,10028
2018-05-29T03:00:00Z,10661
2018-05-29T04:00:00Z,13010
2018-05-29T05:00:00Z,12029
2018-05-29T06:00:00Z,12806
2018-05-29T07:00:00Z,12586
2018-05-29T08:00:00Z,2345
2018-05-29T09:00:00Z,1631
2018-05-29T10:00:00Z,6989
2018-05-29T11:00:00Z,9613
2018-05-29T11:21:00Z,10275
2018-05-29T12:00:00Z,20643
2018-05-29T12:22:00Z,20916
2018-05-29T13:00:00Z,23234
2018-05-29T13:23:00Z,23202
2018-05-29T14:00:00Z,12745
2018-05-29T14:24:00Z,15076
2018-05-29T15:00:00Z,14207
2018-05-29T15:25:00Z,9540
2018-05-29T16:00:00Z,9681
2018-05-29T16:26:00Z,5839
2018-05-29T17:00:00Z,1287
2018-05-29T17:27:00Z,1453
2018-05-29T18:00:00Z,9472
2018-05-29T18:28:00Z,1753
2018-05-29T19:00:00Z,4813
2018-05-29T19:29:00Z,5930
2018-05-29T20:00:00Z,11036
2018-05-29T20:30:00Z,13068
2018-05-29T21:00:00Z,3785
2018-05-29T21:31:00Z,1935
2018-05-29T22:00:00Z,9357
2018-05-29T22:32:00Z,11573
2018-05-29T23:00:00Z,96
2018-05-29T23:33:00Z,604
2018-05-30T00:00:00Z,5429
2018-05-30T00:34:00Z,5833
2018-05-30T01:00:00Z,4393
2018-05-30T01:35:00Z,7809
2018-05-30T02:00:00Z,9853
2018-05-30T02:36:00Z,8726
2018-05-30T03:00:00Z,19693
2018-05-30T03:37:00Z,7198
2018-05-30T04:00:00Z,29832
2018-05-30T04:38:00Z,32352
2018-05-30T05:00:00Z,10263
2018-05-30T05:39:00Z,25447
2018-05-30T06:00:00Z,13166
2018-05-30T06:40:00Z,8797
2018-05-30T07:00:00Z,14885
2018-05-30T07:41:00Z,577
2018-05-30T08:00:00Z,1451
2018-05-30T08:42:00Z,4499
2018-05-30T09:00:00Z,6550
2018-05-30T09:43:00Z,6638
2018-05-30T10:00:00Z,11388
2018-05-30T10:44:00Z,2477
2018-05-30T11:00:00Z,6735
2018-05-30T11:45:00Z,7805
2018-05-30T12:00:00Z,19428
2018-05-30T12:46:00Z,19541
2018-05-30T13:00:00Z,14385
2018-05-30T13:47:00Z,16091
2018-05-30T14:00:00Z,5438
2018-05-30T14:48:00Z,10439
2018-05-30T15:00:00Z,9331
2018-05-30T15:49:00Z,6452
2018-05-30T16:00:00Z,6618
2018-05-30T16:50:00Z,1829
2018-05-30T17:00:00Z,1901
2018-05-30T17:51:00Z,14040
2018-05-30T18:00:00Z,5094
2018-05-30T18:52:00Z,5930
2018-05-30T19:00:00Z,4418
2018-05-30T19:53:00Z,4107
2018-05-30T20:00:00Z,4107
2018-05-30T20:54:00Z,742
2018-05-30T21:00:00Z,742
2018-05-30T21:55:00Z,4008
2018-05-30T22:00:00Z,4008
2018-05-30T22:56:00Z,590
2018-05-30T23:00:00Z,873
2018-05-30T23:57:00Z,1845
2018-05-31T00:00:00Z,1845
2018-05-31T00:58:00Z,1
2018-05-31T01:00:00Z,1
2018-05-31T01:59:00Z,8246
2018-05-31T02:00:00Z,8584
2018-05-31T03:00:00Z,16897
2018-05-31T04:00:00Z,22304
2018-05-31T04:01:00Z,22336
2018-05-31T05:00:00Z,31119
2018-05-31T05:02:00Z,31638
2018-05-31T06:00:00Z,33436
2018-05-31T06:03:00Z,32672
2018-05-31T07:00:00Z,24014
2018-05-31T07:04:00Z,24014
2018-05-31T08:00:00Z,289791
2018-05-31T08:05:00Z,289791
2018-05-31T09:00:00Z,11586
2018-05-31T09:06:00Z,11586
2018-05-31T10:00:00Z,13601
2018-05-31T10:07:00Z,12222
2018-05-31T11:00:00Z,11348
2018-05-31T11:08:00Z,17860
2018-05-31T12:00:00Z,17860
2018-05-31T12:09:00Z,25955
2018-05-31T13:00:00Z,31914
2018-05-31T13:10:00Z,29159
2018-05-31T14:00:00Z,23607
2018-05-31T14:11:00Z,29039
2018-05-31T15:00:00Z,28004
2018-05-31T15:12:00Z,28313
2018-05-31T16:00:00Z,25208
2018-05-31T16:13:00Z,25021
2018-05-31T17:00:00Z,19269
2018-05-31T17:14:00Z,23109
2018-05-31T18:00:00Z,7820
2018-05-31T18:15:00Z,10111
2018-05-31T19:00:00Z,9608
2018-05-31T19:16:00Z,10131
2018-05-31T20:00:00Z,15292
2018-05-31T20:17:00Z,15292
2018-05-31T21:00:00Z,6113
2018-05-31T21:18:00Z,5583
2018-05-31T22:00:00Z,10530
2018-05-31T22:19:00Z,4243
2018-05-31T23:00:00Z,9275
2018-05-31T23:20:00Z,1689
2018-06-01T00:00:00Z,3430
2018-06-01T00:21:00Z,4178
2018-06-01T01:00:00Z,2902
2018-06-01T01:17:00Z,6104
2018-06-01T01:22:00Z,6104
2018-06-01T02:00:00Z,9941
2018-06-01T02:10:00Z,10554
2018-06-01T02:23:00Z,10231
2018-06-01T03:00:00Z,20168
2018-06-01T03:03:00Z,14478
2018-06-01T03:24:00Z,15481
2018-06-01T03:56:00Z,1161
2018-06-01T04:00:00Z,34311
2018-06-01T04:25:00Z,16450
2018-06-01T04:49:00Z,16914
2018-06-01T05:00:00Z,15451
2018-06-01T05:26:00Z,15451
2018-06-01T05:42:00Z,15617
2018-06-01T06:00:00Z,19315
2018-06-01T06:27:00Z,18725
2018-06-01T06:35:00Z,18725
2018-06-01T07:00:00Z,23979
2018-06-01T07:28:00Z,15611
2018-06-01T08:00:00Z,834
2018-06-01T08:21:00Z,5453
2018-06-01T08:29:00Z,848
2018-06-01T09:00:00Z,6017
2018-06-01T09:14:00Z,6017
2018-06-01T09:30:00Z,6017
2018-06-01T10:00:00Z,7331
2018-06-01T10:07:00Z,11002
2018-06-01T10:31:00Z,12685
2018-06-01T11:00:00Z,13428
2018-06-01T11:32:00Z,17275
2018-06-01T11:53:00Z,17275
2018-06-01T12:00:00Z,28363
2018-06-01T12:33:00Z,24470
2018-06-01T12:46:00Z,25403
2018-06-01T13:00:00Z,29056
2018-06-01T13:34:00Z,29346
2018-06-01T13:39:00Z,29346
2018-06-01T14:00:00Z,33472
2018-06-01T14:32:00Z,21809
2018-06-01T14:35:00Z,21809
2018-06-01T15:00:00Z,27086
2018-06-01T15:25:00Z,19496
2018-06-01T15:36:00Z,19496
2018-06-01T16:00:00Z,19163
2018-06-01T16:18:00Z,17407
2018-06-01T16:37:00Z,16663
2018-06-01T17:00:00Z,15556
2018-06-01T17:11:00Z,15351
2018-06-01T17:38:00Z,15171
2018-06-01T18:00:00Z,5567
2018-06-01T18:04:00Z,13143
2018-06-01T18:39:00Z,11639
2018-06-01T18:57:00Z,8391
2018-06-01T19:00:00Z,8391
2018-06-01T19:40:00Z,16255
2018-06-01T19:50:00Z,22052
2018-06-01T20:00:00Z,28518
2018-06-01T20:41:00Z,28875
2018-06-01T20:43:00Z,28875
2018-06-01T21:00:00Z,28875
2018-06-01T21:36:00Z,24933
2018-06-01T21:42:00Z,33224
2018-06-01T22:00:00Z,36747
2018-06-01T22:29:00Z,28315
2018-06-01T22:43:00Z,28315
2018-06-01T23:00:00Z,17240
2018-06-01T23:22:00Z,9408
2018-06-01T23:44:00Z,9408
2018-06-02T00:00:00Z,7478
2018-06-02T00:15:00Z,10757
2018-06-02T00:45:00Z,10980
2018-06-02T01:00:00Z,7821
2018-06-02T01:08:00Z,8804
2018-06-02T01:46:00Z,8843
2018-06-02T02:00:00Z,5662
2018-06-02T02:01:00Z,5662
2018-06-02T02:47:00Z,8704
2018-06-02T02:54:00Z,7769
2018-06-02T03:00:00Z,8538
2018-06-02T03:47:00Z,7835
2018-06-02T03:48:00Z,7835
2018-06-02T04:00:00Z,14773
2018-06-02T04:40:00Z,17054
2018-06-02T04:49:00Z,5041
2018-06-02T05:00:00Z,4569
2018-06-02T05:33:00Z,5804
2018-06-02T05:50:00Z,5804
2018-06-02T06:00:00Z,215865
2018-06-02T06:26:00Z,215865
2018-06-02T06:51:00Z,224780
2018-06-02T07:00:00Z,241911
2018-06-02T07:19:00Z,245894
2018-06-02T07:52:00Z,255845
2018-06-02T08:00:00Z,253402
2018-06-02T08:12:00Z,248366
2018-06-02T08:53:00Z,16057
2018-06-02T09:00:00Z,16057
2018-06-02T09:05:00Z,16057
2018-06-02T09:54:00Z,21670
2018-06-02T09:58:00Z,21177
2018-06-02T10:00:00Z,21177
2018-06-02T10:51:00Z,22917
2018-06-02T10:55:00Z,22917
2018-06-02T11:00:00Z,22917
2018-06-02T11:44:00Z,32603
2018-06-02T11:56:00Z,32748
2018-06-02T12:00:00Z,32748
2018-06-02T12:37:00Z,28410
2018-06-02T12:57:00Z,28986
2018-06-02T13:00:00Z,24837
2018-06-02T13:30:00Z,23795
2018-06-02T13:58:00Z,22999
2018-06-02T14:00:00Z,17009
2018-06-02T14:23:00Z,19808
2018-06-02T14:59:00Z,10831
2018-06-02T15:00:00Z,10831
2018-06-02T15:16:00Z,14770
2018-06-02T16:00:00Z,15493
2018-06-02T16:09:00Z,15493
2018-06-02T17:00:00Z,15770
2018-06-02T17:01:00Z,15770
2018-06-02T17:02:00Z,15770
2018-06-02T17:55:00Z,11409
2018-06-02T18:00:00Z,9864
2018-06-02T18:02:00Z,9864
2018-06-02T18:48:00Z,11813
2018-06-02T19:00:00Z,12237
2018-06-02T19:03:00Z,12237
2018-06-02T19:41:00Z,19932
2018-06-02T20:00:00Z,21520
2018-06-02T20:04:00Z,21520
2018-06-02T20:34:00Z,35503
2018-06-02T21:00:00Z,36144
2018-06-02T21:05:00Z,36144
2018-06-02T21:27:00Z,35595
2018-06-02T22:00:00Z,46590
2018-06-02T22:06:00Z,31959
2018-06-02T22:20:00Z,33418
2018-06-02T23:00:00Z,33311
2018-06-02T23:07:00Z,21327
2018-06-02T23:13:00Z,19511
2018-06-03T00:00:00Z,19990
2018-06-03T00:06:00Z,22341
2018-06-03T00:08:00Z,13023
2018-06-03T00:59:00Z,16893
2018-06-03T01:00:00Z,4082
2018-06-03T01:09:00Z,19156
2018-06-03T01:52:00Z,14508
2018-06-03T02:00:00Z,4133
2018-06-03T02:10:00Z,6929
2018-06-03T02:45:00Z,12602
2018-06-03T03:00:00Z,7409
2018-06-03T03:11:00Z,10092
2018-06-03T03:38:00Z,10527
2018-06-03T04:00:00Z,13692
2018-06-03T04:12:00Z,11593
2018-06-03T04:31:00Z,12358
2018-06-03T05:00:00Z,8849
2018-06-03T05:13:00Z,8849
2018-06-03T05:24:00Z,6249
2018-06-03T06:00:00Z,7029
2018-06-03T06:14:00Z,5150
2018-06-03T06:17:00Z,11361
2018-06-03T07:00:00Z,19100
2018-06-03T07:10:00Z,8975
2018-06-03T07:15:00Z,9426
2018-06-03T08:00:00Z,2063
2018-06-03T08:03:00Z,19073
2018-06-03T08:16:00Z,11876
2018-06-03T08:56:00Z,16929
2018-06-03T09:00:00Z,20077
2018-06-03T09:17:00Z,15115
2018-06-03T09:49:00Z,12691
2018-06-03T10:00:00Z,12691
2018-06-03T10:18:00Z,7703
2018-06-03T10:42:00Z,12029
2018-06-03T11:00:00Z,12029
2018-06-03T11:19:00Z,14887
2018-06-03T11:35:00Z,16627
2018-06-03T12:00:00Z,18543
2018-06-03T12:20:00Z,18719
2018-06-03T12:28:00Z,19406
2018-06-03T13:00:00Z,17511
2018-06-03T13:21:00Z,17141
2018-06-03T14:00:00Z,13042
2018-06-03T14:14:00Z,10916
2018-06-03T14:22:00Z,10321
2018-06-03T15:00:00Z,9763
2018-06-03T15:07:00Z,9763
2018-06-03T15:23:00Z,7971
2018-06-03T16:00:00Z,19959
2018-06-03T16:24:00Z,15065
2018-06-03T16:53:00Z,14344
2018-06-03T17:00:00Z,5978
2018-06-03T17:25:00Z,5815
2018-06-03T17:46:00Z,10623
2018-06-03T18:00:00Z,3897
2018-06-03T18:26:00Z,10008
2018-06-03T18:39:00Z,10008
2018-06-03T19:00:00Z,15817
2018-06-03T19:27:00Z,16453
2018-06-03T19:32:00Z,16453
2018-06-03T20:00:00Z,21673
2018-06-03T20:25:00Z,14048
2018-06-03T20:28:00Z,13673
2018-06-03T21:00:00Z,11451
2018-06-03T21:18:00Z,11386
2018-06-03T21:29:00Z,11386
2018-06-03T22:00:00Z,8084
2018-06-03T22:11:00Z,4508
2018-06-03T22:30:00Z,3012
2018-06-03T23:00:00Z,450
2018-06-03T23:04:00Z,1452
2018-06-03T23:31:00Z,1534
2018-06-03T23:57:00Z,653
2018-06-04T00:00:00Z,858
2018-06-04T00:32:00Z,852
2018-06-04T00:50:00Z,1920
2018-06-04T01:00:00Z,1474
2018-06-04T01:33:00Z,4649
2018-06-04T01:43:00Z,4667
2018-06-04T02:00:00Z,8609
2018-06-04T02:34:00Z,7710
2018-06-04T02:36:00Z,8531
2018-06-04T03:00:00Z,23673
2018-06-04T03:29:00Z,9410
2018-06-04T03:35:00Z,9410
2018-06-04T04:00:00Z,8947
2018-06-04T04:22:00Z,8947
2018-06-04T04:36:00Z,7364
2018-06-04T05:00:00Z,15822
2018-06-04T05:15:00Z,15822
2018-06-04T05:37:00Z,30501
2018-06-04T06:00:00Z,23285
2018-06-04T06:08:00Z,23285
2018-06-04T06:38:00Z,23185
2018-06-04T07:00:00Z,21363
2018-06-04T07:01:00Z,21363
2018-06-04T07:39:00Z,8744
2018-06-04T07:54:00Z,8785
2018-06-04T08:00:00Z,8785
2018-06-04T08:40:00Z,5849
2018-06-04T08:47:00Z,1789
2018-06-04T09:00:00Z,1704
2018-06-04T09:40:00Z,6273
2018-06-04T09:41:00Z,6161
2018-06-04T10:00:00Z,14414
2018-06-04T10:33:00Z,6850
2018-06-04T10:42:00Z,6850
2018-06-04T11:00:00Z,8699
2018-06-04T11:26:00Z,10821
2018-06-04T11:43:00Z,10875
2018-06-04T12:00:00Z,12797
2018-06-04T12:19:00Z,19130
2018-06-04T12:44:00Z,19130
2018-06-04T13:00:00Z,18452
2018-06-04T13:12:00Z,15918
2018-06-04T13:45:00Z,15918
2018-06-04T14:00:00Z,7574
2018-06-04T14:05:00Z,14245
2018-06-04T14:46:00Z,10906
2018-06-04T14:58:00Z,11248
2018-06-04T15:00:00Z,11404
2018-06-04T15:47:00Z,7404
2018-06-04T15:51:00Z,11153
2018-06-04T16:00:00Z,26629
2018-06-04T16:44:00Z,16771
2018-06-04T16:48:00Z,16363
2018-06-04T17:00:00Z,10380
2018-06-04T17:37:00Z,9812
2018-06-04T17:49:00Z,9812
2018-06-04T18:00:00Z,296
2018-06-04T18:30:00Z,5244
2018-06-04T18:50:00Z,5244
2018-06-04T19:00:00Z,8097
2018-06-04T19:23:00Z,8097
2018-06-04T19:51:00Z,9156
2018-06-04T20:00:00Z,11121
2018-06-04T20:16:00Z,12293
2018-06-04T20:52:00Z,3189
2018-06-04T21:00:00Z,2833
2018-06-04T21:09:00Z,979
2018-06-04T21:53:00Z,2549
2018-06-04T22:00:00Z,10649
2018-06-04T22:02:00Z,10649
2018-06-04T22:54:00Z,2636
2018-06-04T22:55:00Z,4120
2018-06-04T23:00:00Z,7699
2018-06-04T23:48:00Z,55
2018-06-04T23:55:00Z,55
2018-06-05T00:00:00Z,463
2018-06-05T00:41:00Z,2572
2018-06-05T00:56:00Z,2825
2018-06-05T01:00:00Z,2825
2018-06-05T01:34:00Z,6570
2018-06-05T01:57:00Z,9025
2018-06-05T02:00:00Z,8966
2018-06-05T02:27:00Z,8235
2018-06-05T02:58:00Z,10551
2018-06-05T03:00:00Z,10551
2018-06-05T03:20:00Z,5523
2018-06-05T03:59:00Z,12332
2018-06-05T04:00:00Z,12332
2018-06-05T04:13:00Z,6730
2018-06-05T05:00:00Z,4184
2018-06-05T05:06:00Z,4184
2018-06-05T05:59:00Z,10108
2018-06-05T06:00:00Z,10108
2018-06-05T06:01:00Z,10108
2018-06-05T06:52:00Z,11661
2018-06-05T07:00:00Z,11661
2018-06-05T07:02:00Z,11661
2018-06-05T07:45:00Z,13622
2018-06-05T08:00:00Z,6597
2018-06-05T08:03:00Z,6597
2018-06-05T08:38:00Z,917
2018-06-05T09:00:00Z,5505
2018-06-05T09:04:00Z,5522
2018-06-05T09:31:00Z,5479
2018-06-05T10:00:00Z,1165
2018-06-05T10:05:00Z,1165
2018-06-05T10:24:00Z,3478
2018-06-05T11:00:00Z,6270
2018-06-05T11:06:00Z,6270
2018-06-05T11:17:00Z,11621
2018-06-05T12:00:00Z,17396
2018-06-05T12:07:00Z,17655
2018-06-05T12:10:00Z,17949
2018-06-05T13:00:00Z,259990
2018-06-05T13:03:00Z,258293
2018-06-05T13:08:00Z,259990
2018-06-05T13:56:00Z,261600
2018-06-05T14:00:00Z,258712
2018-06-05T14:09:00Z,261600
2018-06-05T14:49:00Z,292970
2018-06-05T15:00:00Z,292800
2018-06-05T15:10:00Z,289060
2018-06-05T15:42:00Z,284468
2018-06-05T16:00:00Z,146545
2018-06-05T16:11:00Z,8366
2018-06-05T16:35:00Z,8366
2018-06-05T17:00:00Z,8712
2018-06-05T17:12:00Z,4391
2018-06-05T17:28:00Z,1961
2018-06-05T18:00:00Z,2088
2018-06-05T18:13:00Z,3262
2018-06-05T18:21:00Z,3262
2018-06-05T19:00:00Z,9392
2018-06-05T19:14:00Z,12624
2018-06-05T20:00:00Z,13996
2018-06-05T20:07:00Z,13964
2018-06-05T20:15:00Z,13839
2018-06-05T21:00:00Z,6396
2018-06-05T21:16:00Z,5026
2018-06-05T21:53:00Z,743
2018-06-05T22:00:00Z,9968
2018-06-05T22:17:00Z,10724
2018-06-05T22:46:00Z,1123
2018-06-05T23:00:00Z,5213
2018-06-05T23:18:00Z,544
2018-06-05T23:39:00Z,1756
2018-06-06T00:00:00Z,683
2018-06-06T00:19:00Z,3148
2018-06-06T00:32:00Z,3148
2018-06-06T01:00:00Z,2699
2018-06-06T01:20:00Z,6876
2018-06-06T01:25:00Z,7106
2018-06-06T02:00:00Z,9267
2018-06-06T02:18:00Z,9762
2018-06-06T02:21:00Z,9762
2018-06-06T03:00:00Z,9232
2018-06-06T03:11:00Z,5322
2018-06-06T03:22:00Z,5322
2018-06-06T04:00:00Z,16633
2018-06-06T04:04:00Z,5349
2018-06-06T04:23:00Z,7927
2018-06-06T04:57:00Z,5684
2018-06-06T05:00:00Z,5684
2018-06-06T05:24:00Z,5001
2018-06-06T05:50:00Z,10469
2018-06-06T06:00:00Z,10469
2018-06-06T06:25:00Z,10782
2018-06-06T06:43:00Z,13984
2018-06-06T07:00:00Z,14118
2018-06-06T07:26:00Z,19228
2018-06-06T07:36:00Z,8913
2018-06-06T08:00:00Z,388
2018-06-06T08:27:00Z,3794
2018-06-06T08:29:00Z,5752
2018-06-06T09:00:00Z,5247
2018-06-06T09:22:00Z,5247
2018-06-06T09:28:00Z,5222
2018-06-06T10:00:00Z,143
2018-06-06T10:15:00Z,10194
2018-06-06T10:29:00Z,5088
2018-06-06T11:00:00Z,4939
2018-06-06T11:08:00Z,4805
2018-06-06T11:30:00Z,9822
2018-06-06T12:00:00Z,9822
2018-06-06T12:01:00Z,18057
2018-06-06T12:31:00Z,17226
2018-06-06T12:54:00Z,14551
2018-06-06T13:00:00Z,12181
2018-06-06T13:32:00Z,11857
2018-06-06T13:47:00Z,11857
2018-06-06T14:00:00Z,6986
2018-06-06T14:33:00Z,9324
2018-06-06T14:40:00Z,10138
2018-06-06T15:00:00Z,7654
2018-06-06T15:33:00Z,7691
2018-06-06T15:34:00Z,7691
2018-06-06T16:00:00Z,6212
2018-06-06T16:26:00Z,19447
2018-06-06T16:35:00Z,19447
2018-06-06T17:00:00Z,6187
2018-06-06T17:19:00Z,6773
2018-06-06T17:36:00Z,6002
2018-06-06T18:00:00Z,2310
2018-06-06T18:12:00Z,3196
2018-06-06T18:37:00Z,3555
2018-06-06T19:00:00Z,3286
2018-06-06T19:05:00Z,9702
2018-06-06T19:38:00Z,10986
2018-06-06T19:58:00Z,15518
2018-06-06T20:00:00Z,15456
2018-06-06T20:39:00Z,5328
2018-06-06T20:51:00Z,3898
2018-06-06T21:00:00Z,3748
2018-06-06T21:40:00Z,9295
2018-06-06T21:44:00Z,9575
2018-06-06T22:00:00Z,12766
2018-06-06T22:37:00Z,906
2018-06-06T22:41:00Z,906
2018-06-06T23:00:00Z,7929
2018-06-06T23:30:00Z,434
2018-06-06T23:42:00Z,434
2018-06-07T00:00:00Z,2148
2018-06-07T00:23:00Z,5157
2018-06-07T00:43:00Z,5157
2018-06-07T01:00:00Z,5015
2018-06-07T01:16:00Z,11179
2018-06-07T01:44:00Z,11605
2018-06-07T02:00:00Z,11653
2018-06-07T02:09:00Z,11180
2018-06-07T02:45:00Z,11887
2018-06-07T03:00:00Z,22651
2018-06-07T03:02:00Z,23124
2018-06-07T03:46:00Z,22387
2018-06-07T03:55:00Z,2496
2018-06-07T04:00:00Z,2496
2018-06-07T04:47:00Z,4091
2018-06-07T04:48:00Z,4150
2018-06-07T05:00:00Z,4150
2018-06-07T05:41:00Z,10167
2018-06-07T05:48:00Z,10102
2018-06-07T06:00:00Z,10232
2018-06-07T06:34:00Z,10096
2018-06-07T06:49:00Z,10595
2018-06-07T07:00:00Z,8940
2018-06-07T07:27:00Z,303633
2018-06-07T07:50:00Z,309525
2018-06-07T08:00:00Z,309525
2018-06-07T08:20:00Z,3210
2018-06-07T08:51:00Z,3210
2018-06-07T09:00:00Z,3210
2018-06-07T09:13:00Z,6172
2018-06-07T09:52:00Z,8292
2018-06-07T10:00:00Z,4516
2018-06-07T10:06:00Z,13292
2018-06-07T10:53:00Z,4265
2018-06-07T10:59:00Z,10710
2018-06-07T11:00:00Z,4614
2018-06-07T11:52:00Z,10477
2018-06-07T11:54:00Z,10477
2018-06-07T12:00:00Z,10477
2018-06-07T12:45:00Z,17109
2018-06-07T12:55:00Z,23106
2018-06-07T13:00:00Z,15035
2018-06-07T13:38:00Z,14669
2018-06-07T13:56:00Z,14669
2018-06-07T14:00:00Z,10442
2018-06-07T14:31:00Z,8756
2018-06-07T14:57:00Z,11526
2018-06-07T15:00:00Z,7769
2018-06-07T15:24:00Z,7257
2018-06-07T15:58:00Z,7544
2018-06-07T16:00:00Z,7765
2018-06-07T16:17:00Z,2457
2018-06-07T16:59:00Z,24856
2018-06-07T17:00:00Z,24856
2018-06-07T17:10:00Z,10095
2018-06-07T18:00:00Z,7651
2018-06-07T18:03:00Z,7440
2018-06-07T18:56:00Z,658
2018-06-07T19:00:00Z,658
2018-06-07T19:01:00Z,658
2018-06-07T19:49:00Z,13925
2018-06-07T20:00:00Z,16161
2018-06-07T20:02:00Z,16161
2018-06-07T20:42:00Z,14241
2018-06-07T21:00:00Z,6286
2018-06-07T21:03:00Z,6286
2018-06-07T21:35:00Z,2292
2018-06-07T22:00:00Z,12398
2018-06-07T22:04:00Z,12398
2018-06-07T22:28:00Z,9656
2018-06-07T23:00:00Z,7571
2018-06-07T23:05:00Z,8023
2018-06-07T23:21:00Z,11316
2018-06-08T00:00:00Z,1255
2018-06-08T00:06:00Z,402
2018-06-08T00:14:00Z,3020
2018-06-08T01:00:00Z,175
2018-06-08T01:07:00Z,565
2018-06-08T02:00:00Z,2715
2018-06-08T02:08:00Z,2918
2018-06-08T02:53:00Z,4560
2018-06-08T03:00:00Z,13862
2018-06-08T03:09:00Z,1072
2018-06-08T03:46:00Z,26992
2018-06-08T04:00:00Z,26012
2018-06-08T04:10:00Z,2136
2018-06-08T04:39:00Z,11565
2018-06-08T05:00:00Z,4863
2018-06-08T05:11:00Z,4863
2018-06-08T05:32:00Z,4863
2018-06-08T06:00:00Z,1237
2018-06-08T06:12:00Z,1377
2018-06-08T06:25:00Z,1377
2018-06-08T07:00:00Z,7972
2018-06-08T07:13:00Z,9886
2018-06-08T07:18:00Z,9886
2018-06-08T08:00:00Z,3122
2018-06-08T08:11:00Z,10243
2018-06-08T08:14:00Z,10243
2018-06-08T09:00:00Z,5552
2018-06-08T09:04:00Z,5601
2018-06-08T09:15:00Z,5601
2018-06-08T09:57:00Z,825
2018-06-08T10:00:00Z,825
2018-06-08T10:16:00Z,825
2018-06-08T10:50:00Z,3045
2018-06-08T11:00:00Z,3045
2018-06-08T11:17:00Z,4437
2018-06-08T11:43:00Z,9275
2018-06-08T12:00:00Z,9275
2018-06-08T12:18:00Z,17279
2018-06-08T12:36:00Z,16024
2018-06-08T13:00:00Z,21886
2018-06-08T13:19:00Z,17295
2018-06-08T13:29:00Z,17096
2018-06-08T14:00:00Z,25370
2018-06-08T14:20:00Z,19456
2018-06-08T14:22:00Z,19456
2018-06-08T15:00:00Z,8849
2018-06-08T15:15:00Z,8885
2018-06-08T15:21:00Z,8885
2018-06-08T16:00:00Z,4005
2018-06-08T16:08:00Z,4005
2018-06-08T16:22:00Z,4005
2018-06-08T17:00:00Z,7615
2018-06-08T17:01:00Z,7615
2018-06-08T17:23:00Z,2388
2018-06-08T17:54:00Z,3606
2018-06-08T18:00:00Z,4330
2018-06-08T18:24:00Z,3596
2018-06-08T18:47:00Z,4600
2018-06-08T19:00:00Z,751
2018-06-08T19:25:00Z,12422
2018-06-08T19:40:00Z,12422
2018-06-08T20:00:00Z,27631
2018-06-08T20:26:00Z,27305
2018-06-08T20:33:00Z,24775
2018-06-08T21:00:00Z,28110
2018-06-08T21:26:00Z,23574
2018-06-08T21:27:00Z,30564
2018-06-08T22:00:00Z,20622
2018-06-08T22:19:00Z,20622
2018-06-08T22:28:00Z,20763
2018-06-08T23:00:00Z,11989
2018-06-08T23:12:00Z,12054
2018-06-08T23:29:00Z,2127
2018-06-09T00:00:00Z,423
2018-06-09T00:05:00Z,7416
2018-06-09T00:30:00Z,7636
2018-06-09T00:58:00Z,7896
2018-06-09T01:00:00Z,7896
2018-06-09T01:31:00Z,2257
2018-06-09T01:51:00Z,874
2018-06-09T02:00:00Z,874
2018-06-09T02:32:00Z,1148
2018-06-09T02:44:00Z,1148
2018-06-09T03:00:00Z,878
2018-06-09T03:33:00Z,226
2018-06-09T03:37:00Z,226
2018-06-09T04:00:00Z,10583
2018-06-09T04:30:00Z,2169
2018-06-09T04:34:00Z,2169
2018-06-09T05:00:00Z,19715
2018-06-09T05:23:00Z,8510
2018-06-09T05:35:00Z,8510
2018-06-09T06:00:00Z,5285
2018-06-09T06:16:00Z,5539
2018-06-09T06:36:00Z,5285
2018-06-09T07:00:00Z,10532
2018-06-09T07:09:00Z,9781
2018-06-09T07:37:00Z,554
2018-06-09T08:00:00Z,11475
2018-06-09T08:02:00Z,11475
2018-06-09T08:38:00Z,5154
2018-06-09T08:55:00Z,2590
2018-06-09T09:00:00Z,2590
2018-06-09T09:39:00Z,3005
2018-06-09T09:48:00Z,3957
2018-06-09T10:00:00Z,1844
2018-06-09T10:40:00Z,5387
2018-06-09T10:41:00Z,5387
2018-06-09T11:00:00Z,5393
2018-06-09T11:34:00Z,14700
2018-06-09T11:41:00Z,15498
2018-06-09T12:00:00Z,15972
2018-06-09T12:27:00Z,10544
2018-06-09T12:42:00Z,10544
2018-06-09T13:00:00Z,9787
2018-06-09T13:20:00Z,13661
2018-06-09T13:43:00Z,13370
2018-06-09T14:00:00Z,5860
2018-06-09T14:13:00Z,5785
2018-06-09T14:44:00Z,5817
2018-06-09T15:00:00Z,1282
2018-06-09T15:06:00Z,1282
2018-06-09T15:45:00Z,5371
2018-06-09T15:59:00Z,6054
2018-06-09T16:00:00Z,7220
2018-06-09T16:46:00Z,571
2018-06-09T16:52:00Z,571
2018-06-09T17:00:00Z,571
2018-06-09T17:45:00Z,3526
2018-06-09T17:47:00Z,3762
2018-06-09T18:00:00Z,5134
2018-06-09T18:38:00Z,5519
2018-06-09T18:48:00Z,5519
2018-06-09T19:00:00Z,6438
2018-06-09T19:31:00Z,14602
2018-06-09T19:49:00Z,18607
2018-06-09T20:00:00Z,21119
2018-06-09T20:24:00Z,26752
2018-06-09T20:50:00Z,25740
2018-06-09T21:00:00Z,27262
2018-06-09T21:17:00Z,37949
2018-06-09T21:51:00Z,23724
2018-06-09T22:00:00Z,22125
2018-06-09T22:10:00Z,22125
2018-06-09T22:52:00Z,17263
2018-06-09T23:00:00Z,14155
2018-06-09T23:03:00Z,16007
2018-06-09T23:53:00Z,16561
2018-06-09T23:56:00Z,7376
2018-06-10T00:00:00Z,7376
2018-06-10T00:49:00Z,9614
2018-06-10T00:54:00Z,1600
2018-06-10T01:00:00Z,4050
2018-06-10T01:42:00Z,10049
2018-06-10T01:55:00Z,1392
2018-06-10T02:00:00Z,1392
2018-06-10T02:35:00Z,721
2018-06-10T02:56:00Z,4366
2018-06-10T03:00:00Z,4467
2018-06-10T03:28:00Z,5004
2018-06-10T03:57:00Z,5140
2018-06-10T04:00:00Z,905
2018-06-10T04:21:00Z,4884
2018-06-10T04:58:00Z,11862
2018-06-10T05:00:00Z,12184
2018-06-10T05:14:00Z,8191
2018-06-10T05:59:00Z,8278
2018-06-10T06:00:00Z,8278
2018-06-10T06:07:00Z,6502
2018-06-10T07:00:00Z,10331
2018-06-10T07:53:00Z,1948
2018-06-10T08:00:00Z,7977
2018-06-10T08:01:00Z,7977
2018-06-10T08:46:00Z,9600
2018-06-10T09:00:00Z,3892
2018-06-10T09:02:00Z,5185
2018-06-10T09:39:00Z,7796
2018-06-10T10:00:00Z,7044
2018-06-10T10:03:00Z,7044
2018-06-10T10:32:00Z,1419
2018-06-10T11:00:00Z,6252
2018-06-10T11:04:00Z,10738
2018-06-10T11:25:00Z,14912
2018-06-10T12:00:00Z,15609
2018-06-10T12:05:00Z,16977
2018-06-10T12:18:00Z,17313
2018-06-10T13:00:00Z,16859
2018-06-10T13:06:00Z,11545
2018-06-10T13:11:00Z,11647
2018-06-10T14:00:00Z,11086
2018-06-10T14:04:00Z,7949
2018-06-10T14:07:00Z,7949
2018-06-10T14:57:00Z,4140
2018-06-10T15:00:00Z,4428
2018-06-10T15:08:00Z,4175
2018-06-10T15:50:00Z,4508
2018-06-10T16:00:00Z,13833
2018-06-10T16:09:00Z,14159
2018-06-10T16:43:00Z,6155
2018-06-10T17:00:00Z,5248
2018-06-10T17:10:00Z,4840
2018-06-10T17:36:00Z,2251
2018-06-10T18:00:00Z,2737
2018-06-10T18:11:00Z,2365
2018-06-10T18:29:00Z,2355
2018-06-10T19:00:00Z,7892
2018-06-10T19:12:00Z,10123
2018-06-10T19:22:00Z,10123
2018-06-10T20:00:00Z,9291
2018-06-10T20:13:00Z,9802
2018-06-10T20:15:00Z,9961
2018-06-10T21:00:00Z,4724
2018-06-10T21:08:00Z,3939
2018-06-10T21:14:00Z,761
2018-06-10T22:00:00Z,741
2018-06-10T22:01:00Z,741
2018-06-10T22:15:00Z,11612
2018-06-10T22:54:00Z,1742
2018-06-10T23:00:00Z,2230
2018-06-10T23:16:00Z,1615
2018-06-10T23:47:00Z,4148
2018-06-11T00:00:00Z,193
2018-06-11T00:17:00Z,1666
2018-06-11T00:40:00Z,2475
2018-06-11T01:00:00Z,1357
2018-06-11T01:18:00Z,4047
2018-06-11T01:33:00Z,4100
2018-06-11T02:00:00Z,7580
2018-06-11T02:19:00Z,7790
2018-06-11T02:26:00Z,7790
2018-06-11T03:00:00Z,19812
2018-06-11T03:19:00Z,5221
2018-06-11T03:20:00Z,5221
2018-06-11T04:00:00Z,5763
2018-06-11T04:12:00Z,5763
2018-06-11T04:21:00Z,5763
2018-06-11T05:00:00Z,8133
2018-06-11T05:05:00Z,8133
2018-06-11T05:22:00Z,8133
2018-06-11T05:58:00Z,14304
2018-06-11T06:00:00Z,14304
2018-06-11T06:23:00Z,14537
2018-06-11T06:51:00Z,17390
2018-06-11T07:00:00Z,17472
2018-06-11T07:24:00Z,20987
2018-06-11T07:44:00Z,2683
2018-06-11T08:00:00Z,3773
2018-06-11T08:25:00Z,58
2018-06-11T08:37:00Z,4342
2018-06-11T09:00:00Z,4561
2018-06-11T09:26:00Z,4484
2018-06-11T09:30:00Z,8805
2018-06-11T10:00:00Z,372
2018-06-11T10:23:00Z,1603
2018-06-11T10:27:00Z,3095
2018-06-11T11:00:00Z,2996
2018-06-11T11:16:00Z,5546
2018-06-11T11:28:00Z,5546
2018-06-11T12:00:00Z,5546
2018-06-11T12:09:00Z,12640
2018-06-11T12:29:00Z,12607
2018-06-11T13:00:00Z,15944
2018-06-11T13:02:00Z,9919
2018-06-11T13:30:00Z,9919
2018-06-11T13:55:00Z,5092
2018-06-11T14:00:00Z,11336
2018-06-11T14:31:00Z,2992
2018-06-11T14:48:00Z,3470
2018-06-11T15:00:00Z,3350
2018-06-11T15:32:00Z,5361
2018-06-11T15:41:00Z,5920
2018-06-11T16:00:00Z,4538
2018-06-11T16:33:00Z,15996
2018-06-11T16:34:00Z,15996
2018-06-11T17:00:00Z,4909
2018-06-11T17:27:00Z,5121
2018-06-11T17:34:00Z,5121
2018-06-11T18:00:00Z,6674
2018-06-11T18:20:00Z,922
2018-06-11T18:35:00Z,922
2018-06-11T19:00:00Z,6118
2018-06-11T19:13:00Z,6118
2018-06-11T19:36:00Z,6118
2018-06-11T20:00:00Z,8912
2018-06-11T20:06:00Z,8639
2018-06-11T20:37:00Z,8890
2018-06-11T20:59:00Z,791
2018-06-11T21:00:00Z,595
2018-06-11T21:38:00Z,2102
2018-06-11T21:52:00Z,6547
2018-06-11T22:00:00Z,13829
2018-06-11T22:39:00Z,1417
2018-06-11T22:45:00Z,4651
2018-06-11T23:00:00Z,4496
2018-06-11T23:38:00Z,3903
2018-06-11T23:40:00Z,3903
2018-06-12T00:00:00Z,1579
2018-06-12T00:31:00Z,1313
2018-06-12T00:41:00Z,751
2018-06-12T01:00:00Z,1313
2018-06-12T01:24:00Z,2728
2018-06-12T01:42:00Z,3342
2018-06-12T02:00:00Z,5227
2018-06-12T02:17:00Z,6525
2018-06-12T02:43:00Z,4546
2018-06-12T03:00:00Z,17919
2018-06-12T03:10:00Z,884
2018-06-12T03:44:00Z,24663
2018-06-12T04:00:00Z,3881
2018-06-12T04:03:00Z,3881
2018-06-12T04:45:00Z,1810
2018-06-12T04:56:00Z,2776
2018-06-12T05:00:00Z,3151
2018-06-12T05:46:00Z,3496
2018-06-12T05:49:00Z,3388
2018-06-12T06:00:00Z,3239
2018-06-12T06:42:00Z,9649
2018-06-12T06:47:00Z,10399
2018-06-12T07:00:00Z,10305
2018-06-12T07:35:00Z,11741
2018-06-12T07:48:00Z,1983
2018-06-12T08:00:00Z,2186
2018-06-12T08:28:00Z,1910
2018-06-12T08:49:00Z,5520
2018-06-12T09:00:00Z,7632
2018-06-12T09:21:00Z,7632
2018-06-12T09:50:00Z,865
2018-06-12T10:00:00Z,6081
2018-06-12T10:14:00Z,592
2018-06-12T10:51:00Z,2215
2018-06-12T11:00:00Z,203445
2018-06-12T11:07:00Z,237595
2018-06-12T11:52:00Z,247456
2018-06-12T12:00:00Z,8770
2018-06-12T12:53:00Z,11709
2018-06-12T13:00:00Z,22985
2018-06-12T13:46:00Z,15163
2018-06-12T13:54:00Z,22958
2018-06-12T14:00:00Z,2151
2018-06-12T14:39:00Z,3854
2018-06-12T14:55:00Z,5603
2018-06-12T15:00:00Z,5353
2018-06-12T15:32:00Z,4099
2018-06-12T15:56:00Z,2546
2018-06-12T16:00:00Z,2546
2018-06-12T16:25:00Z,61
2018-06-12T16:57:00Z,17513
2018-06-12T17:00:00Z,18570
2018-06-12T17:18:00Z,6814
2018-06-12T17:58:00Z,4719
2018-06-12T18:00:00Z,4719
2018-06-12T18:11:00Z,4763
2018-06-12T18:59:00Z,7966
2018-06-12T19:00:00Z,8267
2018-06-12T19:04:00Z,8616
2018-06-12T19:57:00Z,8426
2018-06-12T20:00:00Z,8426
2018-06-12T20:50:00Z,1760
2018-06-12T21:00:00Z,1895
2018-06-12T21:01:00Z,1895
2018-06-12T21:43:00Z,9700
2018-06-12T22:00:00Z,9507
2018-06-12T22:02:00Z,9507
2018-06-12T22:36:00Z,9032
2018-06-12T23:00:00Z,3830
2018-06-12T23:03:00Z,3830
2018-06-12T23:29:00Z,6649
2018-06-13T00:00:00Z,6038
2018-06-13T00:04:00Z,2841
2018-06-13T00:22:00Z,5140
2018-06-13T01:00:00Z,4754
2018-06-13T01:05:00Z,1560
2018-06-13T01:15:00Z,69
2018-06-13T02:00:00Z,3210
2018-06-13T02:06:00Z,1660
2018-06-13T02:08:00Z,1540
2018-06-13T03:00:00Z,12219
2018-06-13T03:01:00Z,12348
2018-06-13T03:07:00Z,2528
2018-06-13T03:54:00Z,6411
2018-06-13T04:00:00Z,3418
2018-06-13T04:08:00Z,32
2018-06-13T04:47:00Z,26113
2018-06-13T05:00:00Z,1381
2018-06-13T05:09:00Z,1381
2018-06-13T05:40:00Z,13849
2018-06-13T06:00:00Z,6315
2018-06-13T06:10:00Z,6488
2018-06-13T06:33:00Z,6608
2018-06-13T07:00:00Z,12760
2018-06-13T07:11:00Z,12973
2018-06-13T07:26:00Z,18063
2018-06-13T08:00:00Z,2291
2018-06-13T08:12:00Z,2291
2018-06-13T08:19:00Z,2336
2018-06-13T09:00:00Z,6486
2018-06-13T09:12:00Z,6465
2018-06-13T09:13:00Z,6465
2018-06-13T10:00:00Z,140
2018-06-13T10:05:00Z,9288
2018-06-13T10:14:00Z,11608
2018-06-13T10:58:00Z,6165
2018-06-13T11:00:00Z,5430
2018-06-13T11:15:00Z,9651
2018-06-13T11:51:00Z,21951
2018-06-13T12:00:00Z,14311
2018-06-13T12:16:00Z,17967
2018-06-13T12:44:00Z,22154
2018-06-13T13:00:00Z,26656
2018-06-13T13:17:00Z,20673
2018-06-13T13:37:00Z,20934
2018-06-13T14:00:00Z,29976
2018-06-13T14:18:00Z,24635
2018-06-13T14:30:00Z,20947
2018-06-13T15:00:00Z,21433
2018-06-13T15:19:00Z,20135
2018-06-13T15:23:00Z,20787
2018-06-13T16:00:00Z,20198
2018-06-13T16:16:00Z,13142
2018-06-13T16:20:00Z,5872
2018-06-13T17:00:00Z,37774
2018-06-13T17:09:00Z,21421
2018-06-13T17:21:00Z,21421
2018-06-13T18:00:00Z,10079
2018-06-13T18:02:00Z,5716
2018-06-13T18:22:00Z,13408
2018-06-13T18:55:00Z,17200
2018-06-13T19:00:00Z,18060
2018-06-13T19:23:00Z,18060
2018-06-13T19:48:00Z,21982
2018-06-13T20:00:00Z,21479
2018-06-13T20:24:00Z,16642
2018-06-13T20:41:00Z,15137
2018-06-13T21:00:00Z,14977
2018-06-13T21:25:00Z,13488
2018-06-13T21:34:00Z,13733
2018-06-13T22:00:00Z,9236
2018-06-13T22:26:00Z,4735
2018-06-13T22:27:00Z,199
2018-06-13T23:00:00Z,1210
2018-06-13T23:20:00Z,2661
2018-06-13T23:27:00Z,2667
2018-06-14T00:00:00Z,489
2018-06-14T00:13:00Z,3242
2018-06-14T00:28:00Z,668
2018-06-14T01:00:00Z,562
2018-06-14T01:06:00Z,4614
2018-06-14T01:29:00Z,6159
2018-06-14T01:59:00Z,6620
2018-06-14T02:00:00Z,8056
2018-06-14T02:30:00Z,4951
2018-06-14T02:52:00Z,7435
2018-06-14T03:00:00Z,20583
2018-06-14T03:31:00Z,3375
2018-06-14T03:45:00Z,18552
2018-06-14T04:00:00Z,17321
2018-06-14T04:32:00Z,1753
2018-06-14T04:38:00Z,1936
2018-06-14T05:00:00Z,12790
2018-06-14T05:31:00Z,12494
2018-06-14T05:33:00Z,12494
2018-06-14T06:00:00Z,23231
2018-06-14T06:24:00Z,30798
2018-06-14T06:34:00Z,23971
2018-06-14T07:00:00Z,21654
2018-06-14T07:17:00Z,86364
2018-06-14T07:35:00Z,307229
2018-06-14T08:00:00Z,309243
2018-06-14T08:10:00Z,309243
2018-06-14T08:36:00Z,11131
2018-06-14T09:00:00Z,11558
2018-06-14T09:03:00Z,9796
2018-06-14T09:37:00Z,1826
2018-06-14T09:56:00Z,2051
2018-06-14T10:00:00Z,1375
2018-06-14T10:38:00Z,12457
2018-06-14T10:49:00Z,13566
2018-06-14T11:00:00Z,10609
2018-06-14T11:39:00Z,17500
2018-06-14T11:42:00Z,17500
2018-06-14T12:00:00Z,26288
2018-06-14T12:35:00Z,26017
2018-06-14T12:40:00Z,25951
2018-06-14T13:00:00Z,22797
2018-06-14T13:28:00Z,25919
2018-06-14T13:41:00Z,25919
2018-06-14T14:00:00Z,25561
2018-06-14T14:21:00Z,17868
2018-06-14T14:42:00Z,29432
2018-06-14T15:00:00Z,29067
2018-06-14T15:14:00Z,30047
2018-06-14T15:43:00Z,34097
2018-06-14T16:00:00Z,28260
2018-06-14T16:07:00Z,48266
2018-06-14T16:44:00Z,302704
2018-06-14T17:00:00Z,302704
2018-06-14T17:45:00Z,255341
2018-06-14T17:53:00Z,255341
2018-06-14T18:00:00Z,255341
2018-06-14T18:46:00Z,248105
2018-06-14T19:00:00Z,238395
2018-06-14T19:39:00Z,232511
2018-06-14T19:47:00Z,232511
2018-06-14T20:00:00Z,185744
2018-06-14T20:32:00Z,133069
2018-06-14T20:48:00Z,133069
2018-06-14T21:00:00Z,123169
2018-06-14T21:25:00Z,99554
2018-06-14T21:49:00Z,61286
2018-06-14T22:00:00Z,61286
2018-06-14T22:18:00Z,17658
2018-06-14T22:50:00Z,16366
2018-06-14T23:00:00Z,12041
2018-06-14T23:11:00Z,6566
2018-06-14T23:51:00Z,8141
2018-06-15T00:00:00Z,4148
2018-06-15T00:04:00Z,4117
2018-06-15T00:52:00Z,964
2018-06-15T00:57:00Z,1354
2018-06-15T01:00:00Z,1666
2018-06-15T01:50:00Z,4861
2018-06-15T01:53:00Z,6381
2018-06-15T02:00:00Z,4222
2018-06-15T02:43:00Z,2862
2018-06-15T02:54:00Z,5497
2018-06-15T03:00:00Z,15946
2018-06-15T03:36:00Z,15278
2018-06-15T03:55:00Z,22138
2018-06-15T04:00:00Z,1638
2018-06-15T04:29:00Z,1638
2018-06-15T04:56:00Z,9009
2018-06-15T05:00:00Z,9843
2018-06-15T05:22:00Z,9843
2018-06-15T05:57:00Z,23093
2018-06-15T06:00:00Z,23093
2018-06-15T06:15:00Z,23093
2018-06-15T06:58:00Z,22165
2018-06-15T07:00:00Z,22165
2018-06-15T07:08:00Z,22244
2018-06-15T07:59:00Z,24473
2018-06-15T08:00:00Z,24473
2018-06-15T08:01:00Z,24473
2018-06-15T08:54:00Z,1509
2018-06-15T09:00:00Z,1509
2018-06-15T09:47:00Z,13103
2018-06-15T10:00:00Z,13238
2018-06-15T10:01:00Z,13238
2018-06-15T10:40:00Z,20931
2018-06-15T11:00:00Z,21372
2018-06-15T11:02:00Z,21372
2018-06-15T11:33:00Z,15183
2018-06-15T12:00:00Z,25338
2018-06-15T12:03:00Z,25744
2018-06-15T12:26:00Z,23678
2018-06-15T13:00:00Z,24216
2018-06-15T13:04:00Z,24216
2018-06-15T13:19:00Z,24369
2018-06-15T14:00:00Z,58837
2018-06-15T14:05:00Z,24658
2018-06-15T14:12:00Z,21975
2018-06-15T15:05:00Z,23181
2018-06-15T15:06:00Z,25246
2018-06-15T15:58:00Z,25748
2018-06-15T16:07:00Z,25506
2018-06-15T16:51:00Z,24067
2018-06-15T17:08:00Z,24067
2018-06-15T17:44:00Z,33644
2018-06-15T18:09:00Z,25519
2018-06-15T18:37:00Z,26102
2018-06-15T19:10:00Z,22811
2018-06-15T19:30:00Z,38318
2018-06-15T20:11:00Z,48280
2018-06-15T20:23:00Z,44852
2018-06-15T21:12:00Z,44328
2018-06-15T21:16:00Z,36173
2018-06-15T22:09:00Z,32554
2018-06-15T22:13:00Z,32554
2018-06-15T23:02:00Z,24300
2018-06-15T23:14:00Z,25724
2018-06-15T23:55:00Z,13253
2018-06-16T00:15:00Z,20709
2018-06-16T00:48:00Z,20731
2018-06-16T01:16:00Z,23104
2018-06-16T01:41:00Z,18853
2018-06-16T02:17:00Z,9761
2018-06-16T02:34:00Z,9761
2018-06-16T03:18:00Z,13303
2018-06-16T03:27:00Z,13303
2018-06-16T04:19:00Z,7265
2018-06-16T04:20:00Z,7265
2018-06-16T05:13:00Z,19427
2018-06-16T05:20:00Z,19932
2018-06-16T06:06:00Z,11331
2018-06-16T06:21:00Z,11331
2018-06-16T06:59:00Z,12071
2018-06-16T07:22:00Z,13348
2018-06-16T07:52:00Z,19597
2018-06-16T08:23:00Z,15727
2018-06-16T08:45:00Z,22353
2018-06-16T09:24:00Z,22285
2018-06-16T09:38:00Z,22586
2018-06-16T10:25:00Z,23732
2018-06-16T10:31:00Z,24723
2018-06-16T11:24:00Z,28481
2018-06-16T11:26:00Z,28481
2018-06-16T12:17:00Z,27799
2018-06-16T12:27:00Z,27799
2018-06-16T13:10:00Z,29407
2018-06-16T13:28:00Z,29495
2018-06-16T14:03:00Z,26533
2018-06-16T14:29:00Z,26533
2018-06-16T14:56:00Z,12663
2018-06-16T15:30:00Z,17925
2018-06-16T15:49:00Z,11383
2018-06-16T16:31:00Z,11066
2018-06-16T16:42:00Z,12258
2018-06-16T17:32:00Z,25815
2018-06-16T17:35:00Z,24319
2018-06-16T18:28:00Z,28544
2018-06-16T18:33:00Z,28572
2018-06-16T19:21:00Z,32783
2018-06-16T19:34:00Z,35551
2018-06-16T20:14:00Z,36213
2018-06-16T20:35:00Z,42867
2018-06-16T21:07:00Z,35893
2018-06-16T21:36:00Z,44324
2018-06-16T22:00:00Z,35179
2018-06-16T22:37:00Z,37091
2018-06-16T22:53:00Z,23915
2018-06-16T23:38:00Z,25014
2018-06-16T23:46:00Z,21258
2018-06-17T00:39:00Z,15505
2018-06-17T01:32:00Z,16046
2018-06-17T01:40:00Z,16046
2018-06-17T02:25:00Z,7602
2018-06-17T02:41:00Z,7602
2018-06-17T03:18:00Z,10461
2018-06-17T03:42:00Z,11157
2018-06-17T04:11:00Z,9322
2018-06-17T04:43:00Z,9322
2018-06-17T05:04:00Z,10497
2018-06-17T05:44:00Z,10047
2018-06-17T05:57:00Z,10047
2018-06-17T06:45:00Z,12089
2018-06-17T06:50:00Z,12089
2018-06-17T07:43:00Z,18055
2018-06-17T07:46:00Z,17941
2018-06-17T08:36:00Z,18136
2018-06-17T08:47:00Z,18812
2018-06-17T09:29:00Z,10829
2018-06-17T09:48:00Z,8275
2018-06-17T10:22:00Z,10936
2018-06-17T10:49:00Z,13081
2018-06-17T11:15:00Z,14648
2018-06-17T11:50:00Z,32920
2018-06-17T12:08:00Z,33820
2018-06-17T12:51:00Z,39547
2018-06-17T13:01:00Z,38914
2018-06-17T13:52:00Z,23971
2018-06-17T13:54:00Z,23566
2018-06-17T14:47:00Z,15151
2018-06-17T14:53:00Z,15151
2018-06-17T15:40:00Z,16210
2018-06-17T15:54:00Z,16252
2018-06-17T16:33:00Z,19291
2018-06-17T16:55:00Z,19291
2018-06-17T17:26:00Z,13668
2018-06-17T17:56:00Z,17580
2018-06-17T18:19:00Z,16967
2018-06-17T18:57:00Z,23170
2018-06-17T19:12:00Z,23700
2018-06-17T19:58:00Z,17910
2018-06-17T20:05:00Z,17562
2018-06-17T20:58:00Z,9116
2018-06-17T20:59:00Z,9116
2018-06-17T21:51:00Z,1600
2018-06-17T22:00:00Z,1600
2018-06-17T22:44:00Z,3978
2018-06-17T23:01:00Z,333
2018-06-17T23:37:00Z,6227
2018-06-18T00:02:00Z,4670
2018-06-18T00:30:00Z,4876
2018-06-18T01:03:00Z,236
2018-06-18T01:23:00Z,400
2018-06-18T02:04:00Z,2997
2018-06-18T02:16:00Z,3744
2018-06-18T03:05:00Z,2477
2018-06-18T03:09:00Z,5136
2018-06-18T04:02:00Z,1934
2018-06-18T04:06:00Z,1934
2018-06-18T04:55:00Z,8693
2018-06-18T05:07:00Z,8693
2018-06-18T05:48:00Z,21243
2018-06-18T06:08:00Z,21243
2018-06-18T06:41:00Z,24438
2018-06-18T07:09:00Z,24639
2018-06-18T07:34:00Z,10385
2018-06-18T08:10:00Z,8017
2018-06-18T08:27:00Z,5579
2018-06-18T09:11:00Z,815
2018-06-18T09:20:00Z,3714
2018-06-18T10:12:00Z,11434
2018-06-18T10:13:00Z,11392
2018-06-18T11:06:00Z,20593
2018-06-18T11:13:00Z,20593
2018-06-18T11:59:00Z,29492
2018-06-18T12:14:00Z,29678
2018-06-18T12:52:00Z,25357
2018-06-18T13:15:00Z,25188
2018-06-18T13:45:00Z,27591
2018-06-18T14:16:00Z,18229
2018-06-18T14:38:00Z,15533
2018-06-18T15:17:00Z,20544
2018-06-18T15:31:00Z,27765
2018-06-18T16:18:00Z,39759
2018-06-18T16:24:00Z,29862
2018-06-18T17:17:00Z,36591
2018-06-18T17:19:00Z,25555
2018-06-18T18:10:00Z,24568
2018-06-18T18:20:00Z,22296
2018-06-18T19:03:00Z,20385
2018-06-18T19:21:00Z,20385
2018-06-18T19:56:00Z,21934
2018-06-18T20:22:00Z,20070
2018-06-18T20:49:00Z,11417
2018-06-18T21:23:00Z,6767
2018-06-18T21:42:00Z,865
2018-06-18T22:24:00Z,10160
2018-06-18T22:35:00Z,9385
2018-06-18T23:25:00Z,9776
2018-06-18T23:28:00Z,5744
2018-06-19T00:21:00Z,1576
2018-06-19T00:26:00Z,1576
2018-06-19T01:14:00Z,3181
2018-06-19T01:27:00Z,2164
2018-06-19T02:07:00Z,2033
2018-06-19T02:28:00Z,1571
2018-06-19T03:00:00Z,14881
2018-06-19T03:29:00Z,1301
2018-06-19T03:53:00Z,4116
2018-06-19T04:30:00Z,2617
2018-06-19T04:46:00Z,13511
2018-06-19T05:31:00Z,13348
2018-06-19T05:39:00Z,19670
2018-06-19T06:32:00Z,21730
2018-06-19T07:25:00Z,21085
2018-06-19T07:33:00Z,26182
2018-06-19T08:18:00Z,11045
2018-06-19T08:34:00Z,6158
2018-06-19T09:11:00Z,7498
2018-06-19T09:35:00Z,7669
2018-06-19T10:04:00Z,13444
2018-06-19T10:36:00Z,13444
2018-06-19T10:57:00Z,15674
2018-06-19T11:37:00Z,16197
2018-06-19T11:50:00Z,16239
2018-06-19T12:38:00Z,18390
2018-06-19T12:43:00Z,18390
2018-06-19T13:36:00Z,18625
2018-06-19T13:39:00Z,18625
2018-06-19T14:29:00Z,11647
2018-06-19T14:40:00Z,19086
2018-06-19T15:22:00Z,19495
2018-06-19T15:41:00Z,24561
2018-06-19T16:15:00Z,24412
2018-06-19T16:42:00Z,33051
2018-06-19T17:08:00Z,26260
2018-06-19T17:43:00Z,16762
2018-06-19T18:01:00Z,10427
2018-06-19T18:44:00Z,15286
2018-06-19T18:54:00Z,18776
2018-06-19T19:45:00Z,19366
2018-06-19T19:47:00Z,20379
2018-06-19T20:40:00Z,30029
2018-06-19T20:46:00Z,30029
2018-06-19T21:33:00Z,39502
2018-06-19T21:47:00Z,39191
2018-06-19T22:26:00Z,25090
2018-06-19T22:48:00Z,25269
2018-06-19T23:19:00Z,27251
2018-06-19T23:49:00Z,27251
2018-06-20T00:12:00Z,23446
2018-06-20T00:50:00Z,26797
2018-06-20T01:05:00Z,27810
2018-06-20T01:51:00Z,28612
2018-06-20T01:58:00Z,29914
2018-06-20T02:51:00Z,28747
2018-06-20T02:52:00Z,30578
2018-06-20T03:44:00Z,5570
2018-06-20T03:53:00Z,4608
2018-06-20T04:37:00Z,28882
2018-06-20T04:54:00Z,39027
2018-06-20T05:30:00Z,39543
2018-06-20T05:55:00Z,61987
2018-06-20T06:23:00Z,61987
2018-06-20T06:56:00Z,66511
2018-06-20T07:16:00Z,65816
2018-06-20T07:57:00Z,53025
2018-06-20T08:09:00Z,51563
2018-06-20T08:58:00Z,29078
2018-06-20T09:02:00Z,28414
2018-06-20T09:55:00Z,27383
2018-06-20T09:59:00Z,27383
2018-06-20T10:48:00Z,26042
2018-06-20T11:00:00Z,26580
2018-06-20T11:41:00Z,254260
2018-06-20T12:01:00Z,254260
2018-06-20T12:34:00Z,25309
2018-06-20T13:02:00Z,23836
2018-06-20T13:27:00Z,138684
2018-06-20T14:03:00Z,318704
2018-06-20T14:20:00Z,319922
2018-06-20T15:04:00Z,94490
2018-06-20T15:13:00Z,94490
2018-06-20T16:05:00Z,289563
2018-06-20T16:06:00Z,289736
2018-06-20T16:59:00Z,261491
2018-06-20T17:06:00Z,138765
2018-06-20T17:52:00Z,21918
2018-06-20T18:07:00Z,8684
2018-06-20T18:45:00Z,15432
2018-06-20T19:08:00Z,11663
2018-06-20T19:38:00Z,22692
2018-06-20T20:09:00Z,39186
2018-06-20T20:31:00Z,43661
2018-06-20T21:10:00Z,45875
2018-06-20T21:24:00Z,40486
2018-06-20T22:11:00Z,47748
2018-06-20T22:17:00Z,33961
2018-06-20T23:10:00Z,27296
2018-06-20T23:12:00Z,32662
2018-06-21T00:03:00Z,26412
2018-06-21T00:13:00Z,29505
2018-06-21T00:56:00Z,28882
2018-06-21T01:14:00Z,30172
2018-06-21T01:49:00Z,31335
2018-06-21T02:15:00Z,31173
2018-06-21T02:42:00Z,29817
2018-06-21T03:16:00Z,43363
2018-06-21T03:35:00Z,25300
2018-06-21T04:17:00Z,32125
2018-06-21T04:28:00Z,32125
2018-06-21T05:18:00Z,40095
2018-06-21T05:21:00Z,40095
2018-06-21T06:14:00Z,55629
2018-06-21T06:19:00Z,63786
2018-06-21T07:07:00Z,304424
2018-06-21T07:20:00Z,309262
2018-06-21T08:00:00Z,56723
2018-06-21T08:21:00Z,55375
2018-06-21T08:53:00Z,35592
2018-06-21T09:22:00Z,34674
2018-06-21T09:46:00Z,34895
2018-06-21T10:23:00Z,33986
2018-06-21T10:39:00Z,28919
2018-06-21T11:24:00Z,30624
2018-06-21T11:32:00Z,30624
2018-06-21T12:25:00Z,28731
2018-06-21T13:18:00Z,24934
2018-06-21T13:26:00Z,24934
2018-06-21T14:11:00Z,20404
2018-06-21T14:27:00Z,14664
2018-06-21T15:04:00Z,21821
2018-06-21T15:28:00Z,25321
2018-06-21T15:57:00Z,26446
2018-06-21T16:29:00Z,21922
2018-06-21T16:50:00Z,29260
2018-06-21T17:30:00Z,32938
2018-06-21T17:43:00Z,33294
2018-06-21T18:31:00Z,29518
2018-06-21T18:36:00Z,29518
2018-06-21T19:29:00Z,35126
2018-06-21T19:32:00Z,40109
2018-06-21T20:22:00Z,51410
2018-06-21T20:33:00Z,51410
2018-06-21T21:15:00Z,46485
2018-06-21T21:34:00Z,46485
2018-06-21T22:08:00Z,35425
2018-06-21T22:35:00Z,26754
2018-06-21T23:01:00Z,31344
2018-06-21T23:36:00Z,21453
2018-06-21T23:54:00Z,24342
2018-06-22T00:37:00Z,26423
2018-06-22T00:47:00Z,26797
2018-06-22T01:38:00Z,30465
2018-06-22T01:40:00Z,30465
2018-06-22T02:33:00Z,34137
2018-06-22T02:39:00Z,33108
2018-06-22T03:26:00Z,37971
2018-06-22T03:40:00Z,37971
2018-06-22T04:19:00Z,44532
2018-06-22T04:41:00Z,51669
2018-06-22T05:12:00Z,52759
2018-06-22T05:42:00Z,83895
2018-06-22T06:05:00Z,88160
2018-06-22T06:43:00Z,84475
2018-06-22T06:58:00Z,74211
2018-06-22T07:44:00Z,49249
2018-06-22T07:51:00Z,49637
2018-06-22T08:44:00Z,43923
2018-06-22T08:45:00Z,43923
2018-06-22T09:37:00Z,36239
2018-06-22T09:46:00Z,36239
2018-06-22T10:30:00Z,46615
2018-06-22T10:47:00Z,39091
2018-06-22T11:23:00Z,40558
2018-06-22T11:48:00Z,40558
2018-06-22T12:16:00Z,44658
2018-06-22T12:49:00Z,40928
2018-06-22T13:09:00Z,39939
2018-06-22T13:50:00Z,39449
2018-06-22T14:02:00Z,43503
2018-06-22T14:51:00Z,33956
2018-06-22T14:55:00Z,33442
2018-06-22T15:48:00Z,29489
2018-06-22T15:52:00Z,29489
2018-06-22T16:41:00Z,29825
2018-06-22T16:53:00Z,29825
2018-06-22T17:34:00Z,31920
2018-06-22T17:54:00Z,33778
2018-06-22T18:27:00Z,33803
2018-06-22T18:55:00Z,34931
2018-06-22T19:20:00Z,35337
2018-06-22T19:56:00Z,41944
2018-06-22T20:13:00Z,57866
2018-06-22T20:57:00Z,59801
2018-06-22T21:06:00Z,59309
2018-06-22T21:58:00Z,48881
2018-06-22T21:59:00Z,47328
2018-06-22T22:52:00Z,44780
2018-06-22T22:59:00Z,46111
2018-06-22T23:45:00Z,36866
2018-06-23T00:00:00Z,47543
2018-06-23T00:38:00Z,46627
2018-06-23T01:01:00Z,51133
2018-06-23T01:31:00Z,45693
2018-06-23T02:02:00Z,37902
2018-06-23T02:24:00Z,35973
2018-06-23T03:03:00Z,38907
2018-06-23T03:17:00Z,38910
2018-06-23T04:04:00Z,36962
2018-06-23T04:10:00Z,37278
2018-06-23T05:03:00Z,51909
2018-06-23T05:05:00Z,51909
2018-06-23T05:56:00Z,29567
2018-06-23T06:06:00Z,29567
2018-06-23T06:49:00Z,50859
2018-06-23T07:07:00Z,65413
2018-06-23T07:42:00Z,65829
2018-06-23T08:08:00Z,59998
2018-06-23T08:35:00Z,47938
2018-06-23T09:09:00Z,50914
2018-06-23T09:28:00Z,42068
2018-06-23T10:10:00Z,38425
2018-06-23T10:21:00Z,38514
2018-06-23T11:11:00Z,47819
2018-06-23T11:14:00Z,47819
2018-06-23T12:07:00Z,36249
2018-06-23T12:12:00Z,36249
2018-06-23T13:00:00Z,32757
2018-06-23T13:13:00Z,32757
2018-06-23T13:53:00Z,30637
2018-06-23T14:14:00Z,30637
2018-06-23T14:46:00Z,24521
2018-06-23T15:15:00Z,9107
2018-06-23T15:39:00Z,17459
2018-06-23T16:16:00Z,18081
2018-06-23T16:32:00Z,20343
2018-06-23T17:17:00Z,22006
2018-06-23T17:25:00Z,27590
2018-06-23T18:18:00Z,28971
2018-06-23T19:11:00Z,34195
2018-06-23T19:19:00Z,34096
2018-06-23T20:04:00Z,43474
2018-06-23T20:20:00Z,46866
2018-06-23T20:57:00Z,52201
2018-06-23T21:21:00Z,49254
2018-06-23T21:50:00Z,52072
2018-06-23T22:22:00Z,44653
2018-06-23T22:43:00Z,47599
2018-06-23T23:23:00Z,44946
2018-06-23T23:36:00Z,44946
2018-06-24T00:24:00Z,47108
2018-06-24T00:29:00Z,50566
2018-06-24T01:22:00Z,43803
2018-06-24T01:25:00Z,43803
2018-06-24T02:15:00Z,31259
2018-06-24T02:26:00Z,31259
2018-06-24T03:08:00Z,37256
2018-06-24T03:27:00Z,36994
2018-06-24T04:01:00Z,41840
2018-06-24T04:28:00Z,40109
2018-06-24T04:54:00Z,34465
2018-06-24T05:29:00Z,39593
2018-06-24T05:47:00Z,43317
2018-06-24T06:30:00Z,47401
2018-06-24T06:40:00Z,47401
2018-06-24T07:31:00Z,48436
2018-06-24T07:33:00Z,48436
2018-06-24T08:26:00Z,52450
2018-06-24T08:32:00Z,52450
2018-06-24T09:19:00Z,48917
2018-06-24T09:33:00Z,48917
2018-06-24T10:12:00Z,47011
2018-06-24T10:34:00Z,44559
2018-06-24T11:05:00Z,43667
2018-06-24T11:35:00Z,47828
2018-06-24T11:58:00Z,34566
2018-06-24T12:36:00Z,31768
2018-06-24T12:51:00Z,29764
2018-06-24T13:37:00Z,35447
2018-06-24T13:44:00Z,35582
2018-06-24T14:37:00Z,21255
2018-06-24T14:38:00Z,21255
2018-06-24T15:30:00Z,18285
2018-06-24T15:39:00Z,18285
2018-06-24T16:23:00Z,28482
2018-06-24T16:40:00Z,28874
2018-06-24T17:16:00Z,27997
2018-06-24T17:41:00Z,27997
2018-06-24T18:09:00Z,25555
2018-06-24T18:42:00Z,28362
2018-06-24T19:02:00Z,30862
2018-06-24T19:43:00Z,34624
2018-06-24T19:55:00Z,43598
2018-06-24T20:44:00Z,49932
2018-06-24T20:48:00Z,48029
2018-06-24T21:41:00Z,45788
2018-06-24T21:45:00Z,44512
2018-06-24T22:34:00Z,35406
2018-06-24T22:46:00Z,27215
2018-06-24T23:27:00Z,29021
2018-06-24T23:47:00Z,26267
2018-06-25T00:20:00Z,28751
2018-06-25T00:48:00Z,27856
2018-06-25T01:13:00Z,31521
2018-06-25T01:49:00Z,32843
2018-06-25T02:06:00Z,33372
2018-06-25T02:50:00Z,31501
2018-06-25T02:59:00Z,44687
2018-06-25T03:51:00Z,12531
2018-06-25T03:52:00Z,12531
2018-06-25T04:45:00Z,43748
2018-06-25T04:52:00Z,44537
2018-06-25T05:38:00Z,58514
2018-06-25T05:53:00Z,60277
2018-06-25T06:31:00Z,68018
2018-06-25T06:54:00Z,65329
2018-06-25T07:24:00Z,60330
2018-06-25T07:55:00Z,50344
2018-06-25T08:17:00Z,49622
2018-06-25T08:56:00Z,31140
2018-06-25T09:10:00Z,31140
2018-06-25T09:57:00Z,30087
2018-06-25T10:03:00Z,30087
2018-06-25T10:56:00Z,30286
2018-06-25T10:58:00Z,30286
2018-06-25T11:49:00Z,29743
2018-06-25T11:59:00Z,29743
2018-06-25T12:42:00Z,25751
2018-06-25T13:00:00Z,23056
2018-06-25T13:35:00Z,23056
2018-06-25T14:01:00Z,17726
2018-06-25T14:28:00Z,16170
2018-06-25T15:02:00Z,19484
2018-06-25T15:21:00Z,28163
2018-06-25T16:03:00Z,25558
2018-06-25T16:14:00Z,38183
2018-06-25T17:04:00Z,16020
2018-06-25T17:07:00Z,26683
2018-06-25T18:00:00Z,14631
2018-06-25T18:05:00Z,15802
2018-06-25T18:53:00Z,21624
2018-06-25T19:06:00Z,21404
2018-06-25T19:46:00Z,37407
2018-06-25T20:07:00Z,37720
2018-06-25T20:39:00Z,46539
2018-06-25T21:08:00Z,44765
2018-06-25T21:32:00Z,42234
2018-06-25T22:09:00Z,42379
2018-06-25T22:25:00Z,31864
2018-06-25T23:10:00Z,35916
2018-06-25T23:18:00Z,30821
2018-06-26T00:11:00Z,33525
2018-06-26T01:04:00Z,28922
2018-06-26T01:12:00Z,28956
2018-06-26T01:57:00Z,34113
2018-06-26T02:13:00Z,34288
2018-06-26T02:50:00Z,34974
2018-06-26T03:14:00Z,46524
2018-06-26T03:43:00Z,13078
2018-06-26T04:15:00Z,36926
2018-06-26T04:36:00Z,35248
2018-06-26T05:16:00Z,44363
2018-06-26T05:29:00Z,45306
2018-06-26T06:17:00Z,63150
2018-06-26T06:22:00Z,63150
2018-06-26T07:15:00Z,69918
2018-06-26T07:18:00Z,70556
2018-06-26T08:08:00Z,52618
2018-06-26T08:19:00Z,48067
2018-06-26T09:01:00Z,31074
2018-06-26T09:20:00Z,27027
2018-06-26T09:54:00Z,30898
2018-06-26T10:21:00Z,96467
2018-06-26T10:47:00Z,96467
2018-06-26T11:22:00Z,28881
2018-06-26T11:40:00Z,26480
2018-06-26T12:23:00Z,25480
2018-06-26T12:33:00Z,25480
2018-06-26T13:24:00Z,22636
2018-06-26T13:26:00Z,22636
2018-06-26T14:19:00Z,19571
2018-06-26T14:25:00Z,18384
2018-06-26T15:12:00Z,18548
2018-06-26T15:26:00Z,20092
2018-06-26T16:05:00Z,23287
2018-06-26T16:27:00Z,25243
2018-06-26T16:58:00Z,28120
2018-06-26T17:28:00Z,27725
2018-06-26T17:51:00Z,18262
2018-06-26T18:29:00Z,23456
2018-06-26T18:44:00Z,21249
2018-06-26T19:30:00Z,29381
2018-06-26T19:37:00Z,29458
2018-06-26T20:30:00Z,45853
2018-06-26T20:31:00Z,45853
2018-06-26T21:23:00Z,44685
2018-06-26T21:32:00Z,43855
2018-06-26T22:16:00Z,31561
2018-06-26T22:33:00Z,31561
2018-06-26T23:09:00Z,32822
2018-06-26T23:34:00Z,31706
2018-06-27T00:02:00Z,29185
2018-06-27T00:35:00Z,30077
2018-06-27T00:55:00Z,30660
2018-06-27T01:36:00Z,32766
2018-06-27T01:48:00Z,33666
2018-06-27T02:37:00Z,35345
2018-06-27T02:41:00Z,36831
2018-06-27T03:34:00Z,33085
2018-06-27T03:38:00Z,33085
2018-06-27T04:27:00Z,37681
2018-06-27T04:39:00Z,37681
2018-06-27T05:20:00Z,46939
2018-06-27T05:40:00Z,72291
2018-06-27T06:13:00Z,70526
2018-06-27T06:41:00Z,71341
2018-06-27T07:06:00Z,77566
2018-06-27T07:42:00Z,53466
2018-06-27T07:59:00Z,53466
2018-06-27T08:43:00Z,27753
2018-06-27T08:52:00Z,22893
2018-06-27T09:44:00Z,18545
2018-06-27T09:45:00Z,18476
2018-06-27T10:38:00Z,322251
2018-06-27T10:45:00Z,322522
2018-06-27T11:31:00Z,213
2018-06-27T11:46:00Z,14814
2018-06-27T12:47:00Z,34256
2018-06-27T13:48:00Z,42774
2018-06-27T14:49:00Z,27817
2018-06-27T15:50:00Z,31861
2018-06-27T16:51:00Z,30969
2018-06-27T17:52:00Z,12553
2018-06-27T18:53:00Z,17534
2018-06-27T19:54:00Z,39869
2018-06-27T20:55:00Z,48684
2018-06-27T21:56:00Z,46660
2018-06-27T22:57:00Z,46294
2018-06-27T23:58:00Z,28586
2018-06-28T00:59:00Z,125242
2018-06-28T02:00:00Z,124306
2018-06-28T03:01:00Z,149462
2018-06-28T04:02:00Z,189151
2018-06-28T05:03:00Z,245467
2018-06-28T06:04:00Z,60472
2018-06-28T07:05:00Z,67123
2018-06-28T08:06:00Z,303888
2018-06-28T09:07:00Z,44789
2018-06-28T10:08:00Z,42679
