2018-05-02T10:34:00Z,2018-05-02T15:08:00Z
2018-05-03T06:32:00Z,2018-05-03T07:22:00Z
2018-05-03T19:12:00Z,2018-05-03T23:54:00Z
2018-05-08T13:44:00Z,2018-05-08T16:12:00Z
2018-05-10T14:52:00Z,2018-05-10T15:14:00Z
2018-05-15T23:22:00Z,2018-05-16T15:36:00Z
2018-05-17T06:50:00Z,2018-05-17T07:34:00Z
2018-05-17T09:52:00Z,2018-05-17T10:20:00Z
2018-05-17T14:32:00Z,2018-05-17T23:42:00Z
2018-05-21T10:18:00Z,2018-05-21T11:58:00Z
2018-05-22T01:34:00Z,2018-05-22T05:42:00Z
2018-05-23T05:24:00Z,2018-05-23T06:44:00Z
2018-05-23T10:24:00Z,2018-05-23T14:10:00Z
2018-05-24T06:42:00Z,2018-05-24T07:22:00Z
2018-05-24T10:56:00Z,2018-05-24T12:08:00Z
2018-05-24T12:46:00Z,2018-05-24T14:48:00Z
2018-05-25T11:10:00Z,2018-05-25T12:02:00Z
2018-05-31T06:51:26Z,2018-05-21T08:44:25Z
2018-06-02T05:27:30Z,2018-06-02T08:19:30Z
2018-06-05T12:27:27Z,2018-06-05T15:50:27Z
2018-06-07T07:01:00Z,2018-06-07T08:11:00Z
2018-06-12T10:44:02Z,2018-06-12T11:40:02Z
2018-06-14T07:05:00Z,2018-06-14T08:00:00Z
2018-06-14T16:05:00Z,2018-06-14T21:25:00Z
2018-06-20T11:05:00Z,2018-06-20T12:20:00Z
2018-06-20T12:40:00Z,2018-06-20T16:45:00Z
2018-06-21T06:45:00Z,2018-06-21T07:45:00Z
2018-06-26T09:48:00Z,2018-06-26T10:42:00Z
2018-06-27T10:06:00Z,2018-06-27T11:06:00Z
2018-06-28T00:07:00Z,2018-06-28T05:25:00Z
2018-06-28T06:58:00Z,2018-06-28T08:00:00Z
